filename,servicename,protocol
accessanalyzer-2019-11-01.json,com.amazonaws.accessanalyzer#AccessAnalyzer,aws.protocols#restJson1
account-2021-02-01.json,com.amazonaws.account#Account,aws.protocols#restJson1
acm-2015-12-08.json,com.amazonaws.acm#CertificateManager,aws.protocols#awsJson1_1
acm-pca-2017-08-22.json,com.amazonaws.acmpca#ACMPrivateCA,aws.protocols#awsJson1_1
aiops-2018-05-10.json,com.amazonaws.aiops#AIOps,aws.protocols#restJson1
amp-2020-08-01.json,com.amazonaws.amp#AmazonPrometheusService,aws.protocols#restJson1
amplify-2017-07-25.json,com.amazonaws.amplify#Amplify,aws.protocols#restJson1
amplifybackend-2020-08-11.json,com.amazonaws.amplifybackend#AmplifyBackend,aws.protocols#restJson1
amplifyuibuilder-2021-08-11.json,com.amazonaws.amplifyuibuilder#AmplifyUIBuilder,aws.protocols#restJson1
api-gateway-2015-07-09.json,com.amazonaws.apigateway#BackplaneControlService,aws.protocols#restJson1
apigatewaymanagementapi-2018-11-29.json,com.amazonaws.apigatewaymanagementapi#ApiGatewayManagementApi,aws.protocols#restJson1
apigatewayv2-2018-11-29.json,com.amazonaws.apigatewayv2#ApiGatewayV2,aws.protocols#restJson1
app-mesh-2019-01-25.json,com.amazonaws.appmesh#AppMesh,aws.protocols#restJson1
appconfig-2019-10-09.json,com.amazonaws.appconfig#AmazonAppConfig,aws.protocols#restJson1
appconfigdata-2021-11-11.json,com.amazonaws.appconfigdata#AppConfigData,aws.protocols#restJson1
appfabric-2023-05-19.json,com.amazonaws.appfabric#FabricFrontEndService,aws.protocols#restJson1
appflow-2020-08-23.json,com.amazonaws.appflow#SandstoneConfigurationServiceLambda,aws.protocols#restJson1
appintegrations-2020-07-29.json,com.amazonaws.appintegrations#AmazonAppIntegrationService,aws.protocols#restJson1
application-auto-scaling-2016-02-06.json,com.amazonaws.applicationautoscaling#AnyScaleFrontendService,aws.protocols#awsJson1_1
application-discovery-service-2015-11-01.json,com.amazonaws.applicationdiscoveryservice#AWSPoseidonService_V2015_11_01,aws.protocols#awsJson1_1
application-insights-2018-11-25.json,com.amazonaws.applicationinsights#EC2WindowsBarleyService,aws.protocols#awsJson1_1
application-signals-2024-04-15.json,com.amazonaws.applicationsignals#ApplicationSignals,aws.protocols#restJson1
applicationcostprofiler-2020-09-10.json,com.amazonaws.applicationcostprofiler#AWSApplicationCostProfiler,aws.protocols#restJson1
apprunner-2020-05-15.json,com.amazonaws.apprunner#AppRunner,aws.protocols#awsJson1_0
appstream-2016-12-01.json,com.amazonaws.appstream#PhotonAdminProxyService,aws.protocols#awsJson1_1
appsync-2017-07-25.json,com.amazonaws.appsync#AWSDeepdishControlPlaneService,aws.protocols#restJson1
arc-region-switch-2022-07-26.json,com.amazonaws.arcregionswitch#ArcRegionSwitch,aws.protocols#awsJson1_0
arc-zonal-shift-2022-10-30.json,com.amazonaws.arczonalshift#PercDataPlane,aws.protocols#restJson1
artifact-2018-05-10.json,com.amazonaws.artifact#Artifact,aws.protocols#restJson1
athena-2017-05-18.json,com.amazonaws.athena#AmazonAthena,aws.protocols#awsJson1_1
auditmanager-2017-07-25.json,com.amazonaws.auditmanager#BedrockAssessmentManagerLambda,aws.protocols#restJson1
auto-scaling-2011-01-01.json,com.amazonaws.autoscaling#AutoScaling_2011_01_01,aws.protocols#awsQuery
auto-scaling-plans-2018-01-06.json,com.amazonaws.autoscalingplans#AnyScaleScalingPlannerFrontendService,aws.protocols#awsJson1_1
b2bi-2022-06-23.json,com.amazonaws.b2bi#B2BI,aws.protocols#awsJson1_0
backup-2018-11-15.json,com.amazonaws.backup#CryoControllerUserManager,aws.protocols#restJson1
backup-gateway-2021-01-01.json,com.amazonaws.backupgateway#BackupOnPremises_v20210101,aws.protocols#awsJson1_0
backupsearch-2018-05-10.json,com.amazonaws.backupsearch#CryoBackupSearchService,aws.protocols#restJson1
batch-2016-08-10.json,com.amazonaws.batch#AWSBatchV20160810,aws.protocols#restJson1
bcm-dashboards-2025-08-18.json,com.amazonaws.bcmdashboards#AWSBCMDashboardsService,aws.protocols#awsJson1_0
bcm-data-exports-2023-11-26.json,com.amazonaws.bcmdataexports#AWSBillingAndCostManagementDataExports,aws.protocols#awsJson1_1
bcm-pricing-calculator-2024-06-19.json,com.amazonaws.bcmpricingcalculator#AWSBCMPricingCalculator,aws.protocols#awsJson1_0
bcm-recommended-actions-2024-11-14.json,com.amazonaws.bcmrecommendedactions#AWSBillingAndCostManagementRecommendedActions,aws.protocols#awsJson1_0
bedrock-2023-04-20.json,com.amazonaws.bedrock#AmazonBedrockControlPlaneService,aws.protocols#restJson1
bedrock-agent-2023-06-05.json,com.amazonaws.bedrockagent#AmazonBedrockAgentBuildTimeLambda,aws.protocols#restJson1
bedrock-agent-runtime-2023-07-26.json,com.amazonaws.bedrockagentruntime#AmazonBedrockAgentRunTimeService,aws.protocols#restJson1
bedrock-agentcore-2024-02-28.json,com.amazonaws.bedrockagentcore#AmazonBedrockAgentCore,aws.protocols#restJson1
bedrock-agentcore-control-2023-06-05.json,com.amazonaws.bedrockagentcorecontrol#AmazonBedrockAgentCoreControl,aws.protocols#restJson1
bedrock-data-automation-2023-07-26.json,com.amazonaws.bedrockdataautomation#AmazonBedrockKeystoneBuildTimeService,aws.protocols#restJson1
bedrock-data-automation-runtime-2024-06-13.json,com.amazonaws.bedrockdataautomationruntime#AmazonBedrockKeystoneRuntimeService,aws.protocols#awsJson1_1
bedrock-runtime-2023-09-30.json,com.amazonaws.bedrockruntime#AmazonBedrockFrontendService,aws.protocols#restJson1
billing-2023-09-07.json,com.amazonaws.billing#AWSBilling,aws.protocols#awsJson1_0
billingconductor-2021-07-30.json,com.amazonaws.billingconductor#AWSBillingConductor,aws.protocols#restJson1
braket-2019-09-01.json,com.amazonaws.braket#Braket,aws.protocols#restJson1
budgets-2016-10-20.json,com.amazonaws.budgets#AWSBudgetServiceGateway,aws.protocols#awsJson1_1
chatbot-2017-10-11.json,com.amazonaws.chatbot#WheatleyOrchestration_20171011,aws.protocols#restJson1
chime-2018-05-01.json,com.amazonaws.chime#UCBuzzConsoleService,aws.protocols#restJson1
chime-sdk-identity-2021-04-20.json,com.amazonaws.chimesdkidentity#ChimeIdentityService,aws.protocols#restJson1
chime-sdk-media-pipelines-2021-07-15.json,com.amazonaws.chimesdkmediapipelines#ChimeSDKMediaPipelinesService,aws.protocols#restJson1
chime-sdk-meetings-2021-07-15.json,com.amazonaws.chimesdkmeetings#ChimeMeetingsSDKService,aws.protocols#restJson1
chime-sdk-messaging-2021-05-15.json,com.amazonaws.chimesdkmessaging#ChimeMessagingService,aws.protocols#restJson1
chime-sdk-voice-2022-08-03.json,com.amazonaws.chimesdkvoice#ChimeSDKTelephonyService,aws.protocols#restJson1
cleanrooms-2022-02-17.json,com.amazonaws.cleanrooms#AWSBastionControlPlaneServiceLambda,aws.protocols#restJson1
cleanroomsml-2023-09-06.json,com.amazonaws.cleanroomsml#AWSStarkControlService,aws.protocols#restJson1
cloud9-2017-09-23.json,com.amazonaws.cloud9#AWSCloud9WorkspaceManagementService,aws.protocols#awsJson1_1
cloudcontrol-2021-09-30.json,com.amazonaws.cloudcontrol#CloudApiService,aws.protocols#awsJson1_0
clouddirectory-2017-01-11.json,com.amazonaws.clouddirectory#AmazonCloudDirectory_20170111,aws.protocols#restJson1
cloudformation-2010-05-15.json,com.amazonaws.cloudformation#CloudFormation,aws.protocols#awsQuery
cloudfront-2020-05-31.json,com.amazonaws.cloudfront#Cloudfront2020_05_31,aws.protocols#restXml
cloudfront-keyvaluestore-2022-07-26.json,com.amazonaws.cloudfrontkeyvaluestore#CloudFrontKeyValueStore,aws.protocols#restJson1
cloudhsm-2014-05-30.json,com.amazonaws.cloudhsm#CloudHsmFrontendService,aws.protocols#awsJson1_1
cloudhsm-v2-2017-04-28.json,com.amazonaws.cloudhsmv2#BaldrApiService,aws.protocols#awsJson1_1
cloudsearch-2013-01-01.json,com.amazonaws.cloudsearch#A9SearchCloudConfigService2013,aws.protocols#awsQuery
cloudsearch-domain-2013-01-01.json,com.amazonaws.cloudsearchdomain#AmazonCloudSearch2013,aws.protocols#restJson1
cloudtrail-2013-11-01.json,com.amazonaws.cloudtrail#CloudTrail_20131101,aws.protocols#awsJson1_1
cloudtrail-data-2021-08-11.json,com.amazonaws.cloudtraildata#CloudTrailDataService,aws.protocols#restJson1
cloudwatch-2010-08-01.json,com.amazonaws.cloudwatch#GraniteServiceVersion20100801,aws.protocols#awsQuery
cloudwatch-events-2015-10-07.json,com.amazonaws.cloudwatchevents#AWSEvents,aws.protocols#awsJson1_1
cloudwatch-logs-2014-03-28.json,com.amazonaws.cloudwatchlogs#Logs_20140328,aws.protocols#awsJson1_1
codeartifact-2018-09-22.json,com.amazonaws.codeartifact#CodeArtifactControlPlaneService,aws.protocols#restJson1
codebuild-2016-10-06.json,com.amazonaws.codebuild#CodeBuild_20161006,aws.protocols#awsJson1_1
codecatalyst-2022-09-28.json,com.amazonaws.codecatalyst#CodeCatalyst,aws.protocols#restJson1
codecommit-2015-04-13.json,com.amazonaws.codecommit#CodeCommit_20150413,aws.protocols#awsJson1_1
codeconnections-2023-12-01.json,com.amazonaws.codeconnections#CodeConnections_20231201,aws.protocols#awsJson1_0
codedeploy-2014-10-06.json,com.amazonaws.codedeploy#CodeDeploy_20141006,aws.protocols#awsJson1_1
codeguru-reviewer-2019-09-19.json,com.amazonaws.codegurureviewer#AWSGuruFrontendService,aws.protocols#restJson1
codeguru-security-2018-05-10.json,com.amazonaws.codegurusecurity#AwsCodeGuruSecurity,aws.protocols#restJson1
codeguruprofiler-2019-07-18.json,com.amazonaws.codeguruprofiler#CodeGuruProfiler,aws.protocols#restJson1
codepipeline-2015-07-09.json,com.amazonaws.codepipeline#CodePipeline_20150709,aws.protocols#awsJson1_1
codestar-connections-2019-12-01.json,com.amazonaws.codestarconnections#CodeStar_connections_20191201,aws.protocols#awsJson1_0
codestar-notifications-2019-10-15.json,com.amazonaws.codestarnotifications#CodeStarNotifications_20191015,aws.protocols#restJson1
cognito-identity-2014-06-30.json,com.amazonaws.cognitoidentity#AWSCognitoIdentityService,aws.protocols#awsJson1_1
cognito-identity-provider-2016-04-18.json,com.amazonaws.cognitoidentityprovider#AWSCognitoIdentityProviderService,aws.protocols#awsJson1_1
cognito-sync-2014-06-30.json,com.amazonaws.cognitosync#AWSCognitoSyncService,aws.protocols#restJson1
comprehend-2017-11-27.json,com.amazonaws.comprehend#Comprehend_20171127,aws.protocols#awsJson1_1
comprehendmedical-2018-10-30.json,com.amazonaws.comprehendmedical#ComprehendMedical_20181030,aws.protocols#awsJson1_1
compute-optimizer-2019-11-01.json,com.amazonaws.computeoptimizer#ComputeOptimizerService,aws.protocols#awsJson1_0
compute-optimizer-automation-2025-09-22.json,com.amazonaws.computeoptimizerautomation#ComputeOptimizerAutomationService,aws.protocols#awsJson1_0
config-service-2014-11-12.json,com.amazonaws.configservice#StarlingDoveService,aws.protocols#awsJson1_1
connect-2017-08-08.json,com.amazonaws.connect#AmazonConnectService,aws.protocols#restJson1
connect-contact-lens-2020-08-21.json,com.amazonaws.connectcontactlens#AmazonConnectContactLens,aws.protocols#restJson1
connectcampaigns-2021-01-30.json,com.amazonaws.connectcampaigns#AmazonConnectCampaignService,aws.protocols#restJson1
connectcampaignsv2-2024-04-23.json,com.amazonaws.connectcampaignsv2#AmazonConnectCampaignServiceV2,aws.protocols#restJson1
connectcases-2022-10-03.json,com.amazonaws.connectcases#AmazonConnectCases,aws.protocols#restJson1
connectparticipant-2018-09-07.json,com.amazonaws.connectparticipant#AmazonConnectParticipantServiceLambda,aws.protocols#restJson1
controlcatalog-2018-05-10.json,com.amazonaws.controlcatalog#ControlCatalog,aws.protocols#restJson1
controltower-2018-05-10.json,com.amazonaws.controltower#AWSControlTowerApis,aws.protocols#restJson1
cost-and-usage-report-service-2017-01-06.json,com.amazonaws.costandusagereportservice#AWSOrigamiServiceGatewayService,aws.protocols#awsJson1_1
cost-explorer-2017-10-25.json,com.amazonaws.costexplorer#AWSInsightsIndexService,aws.protocols#awsJson1_1
cost-optimization-hub-2022-07-26.json,com.amazonaws.costoptimizationhub#CostOptimizationHubService,aws.protocols#awsJson1_0
customer-profiles-2020-08-15.json,com.amazonaws.customerprofiles#CustomerProfiles_20200815,aws.protocols#restJson1
data-pipeline-2012-10-29.json,com.amazonaws.datapipeline#DataPipeline,aws.protocols#awsJson1_1
database-migration-service-2016-01-01.json,com.amazonaws.databasemigrationservice#AmazonDMSv20160101,aws.protocols#awsJson1_1
databrew-2017-07-25.json,com.amazonaws.databrew#AWSGlueDataBrew,aws.protocols#restJson1
dataexchange-2017-07-25.json,com.amazonaws.dataexchange#DataExchange,aws.protocols#restJson1
datasync-2018-11-09.json,com.amazonaws.datasync#FmrsService,aws.protocols#awsJson1_1
datazone-2018-05-10.json,com.amazonaws.datazone#DataZone,aws.protocols#restJson1
dax-2017-04-19.json,com.amazonaws.dax#AmazonDAXV3,aws.protocols#awsJson1_1
deadline-2023-10-12.json,com.amazonaws.deadline#Deadline,aws.protocols#restJson1
detective-2018-10-26.json,com.amazonaws.detective#AmazonDetective,aws.protocols#restJson1
device-farm-2015-06-23.json,com.amazonaws.devicefarm#DeviceFarm_20150623,aws.protocols#awsJson1_1
devops-guru-2020-12-01.json,com.amazonaws.devopsguru#CapstoneControlPlaneService,aws.protocols#restJson1
direct-connect-2012-10-25.json,com.amazonaws.directconnect#OvertureService,aws.protocols#awsJson1_1
directory-service-2015-04-16.json,com.amazonaws.directoryservice#DirectoryService_20150416,aws.protocols#awsJson1_1
directory-service-data-2023-05-31.json,com.amazonaws.directoryservicedata#DirectoryServiceData,aws.protocols#restJson1
dlm-2018-01-12.json,com.amazonaws.dlm#dlm_20180112,aws.protocols#restJson1
docdb-2014-10-31.json,com.amazonaws.docdb#AmazonRDSv19,aws.protocols#awsQuery
docdb-elastic-2022-11-28.json,com.amazonaws.docdbelastic#ChimeraDbLionfishServiceLambda,aws.protocols#restJson1
drs-2020-02-26.json,com.amazonaws.drs#ElasticDisasterRecoveryService,aws.protocols#restJson1
dsql-2018-05-10.json,com.amazonaws.dsql#DSQL,aws.protocols#restJson1
dynamodb-2012-08-10.json,com.amazonaws.dynamodb#DynamoDB_20120810,aws.protocols#awsJson1_0
dynamodb-streams-2012-08-10.json,com.amazonaws.dynamodbstreams#DynamoDBStreams_20120810,aws.protocols#awsJson1_0
ebs-2019-11-02.json,com.amazonaws.ebs#Ebs,aws.protocols#restJson1
ec2-2016-11-15.json,com.amazonaws.ec2#AmazonEC2,aws.protocols#ec2Query
ec2-instance-connect-2018-04-02.json,com.amazonaws.ec2instanceconnect#AWSEC2InstanceConnectService,aws.protocols#awsJson1_1
ecr-2015-09-21.json,com.amazonaws.ecr#AmazonEC2ContainerRegistry_V20150921,aws.protocols#awsJson1_1
ecr-public-2020-10-30.json,com.amazonaws.ecrpublic#SpencerFrontendService,aws.protocols#awsJson1_1
ecs-2014-11-13.json,com.amazonaws.ecs#AmazonEC2ContainerServiceV20141113,aws.protocols#awsJson1_1
efs-2015-02-01.json,com.amazonaws.efs#MagnolioAPIService_v20150201,aws.protocols#restJson1
eks-2017-11-01.json,com.amazonaws.eks#AWSWesleyFrontend,aws.protocols#restJson1
eks-auth-2023-11-26.json,com.amazonaws.eksauth#EKSAuthFrontend,aws.protocols#restJson1
elastic-beanstalk-2010-12-01.json,com.amazonaws.elasticbeanstalk#AWSElasticBeanstalkService,aws.protocols#awsQuery
elastic-load-balancing-2012-06-01.json,com.amazonaws.elasticloadbalancing#ElasticLoadBalancing_v7,aws.protocols#awsQuery
elastic-load-balancing-v2-2015-12-01.json,com.amazonaws.elasticloadbalancingv2#ElasticLoadBalancing_v10,aws.protocols#awsQuery
elastic-transcoder-2012-09-25.json,com.amazonaws.elastictranscoder#EtsCustomerService,aws.protocols#restJson1
elasticache-2015-02-02.json,com.amazonaws.elasticache#AmazonElastiCacheV9,aws.protocols#awsQuery
elasticsearch-service-2015-01-01.json,com.amazonaws.elasticsearchservice#AmazonElasticsearchService2015,aws.protocols#restJson1
emr-2009-03-31.json,com.amazonaws.emr#ElasticMapReduce,aws.protocols#awsJson1_1
emr-containers-2020-10-01.json,com.amazonaws.emrcontainers#AwsChicagoWebService,aws.protocols#restJson1
emr-serverless-2021-07-13.json,com.amazonaws.emrserverless#AwsToledoWebService,aws.protocols#restJson1
entityresolution-2018-05-10.json,com.amazonaws.entityresolution#AWSVeniceService,aws.protocols#restJson1
eventbridge-2015-10-07.json,com.amazonaws.eventbridge#AWSEvents,aws.protocols#awsJson1_1
evidently-2021-02-01.json,com.amazonaws.evidently#Evidently,aws.protocols#restJson1
evs-2023-07-27.json,com.amazonaws.evs#AmazonElasticVMwareService,aws.protocols#awsJson1_0
finspace-2021-03-12.json,com.amazonaws.finspace#AWSHabaneroManagementService,aws.protocols#restJson1
finspace-data-2020-07-13.json,com.amazonaws.finspacedata#AWSHabaneroPublicAPI,aws.protocols#restJson1
firehose-2015-08-04.json,com.amazonaws.firehose#Firehose_20150804,aws.protocols#awsJson1_1
fis-2020-12-01.json,com.amazonaws.fis#FaultInjectionSimulator,aws.protocols#restJson1
fms-2018-01-01.json,com.amazonaws.fms#AWSFMS_20180101,aws.protocols#awsJson1_1
forecast-2018-06-26.json,com.amazonaws.forecast#AmazonForecast,aws.protocols#awsJson1_1
forecastquery-2018-06-26.json,com.amazonaws.forecastquery#AmazonForecastRuntime,aws.protocols#awsJson1_1
frauddetector-2019-11-15.json,com.amazonaws.frauddetector#AWSHawksNestServiceFacade,aws.protocols#awsJson1_1
freetier-2023-09-07.json,com.amazonaws.freetier#AWSFreeTierService,aws.protocols#awsJson1_0
fsx-2018-03-01.json,com.amazonaws.fsx#AWSSimbaAPIService_v20180301,aws.protocols#awsJson1_1
gamelift-2015-10-01.json,com.amazonaws.gamelift#GameLift,aws.protocols#awsJson1_1
gameliftstreams-2018-05-10.json,com.amazonaws.gameliftstreams#GameLiftStreams,aws.protocols#restJson1
geo-maps-2020-11-19.json,com.amazonaws.geomaps#MapsService,aws.protocols#restJson1
geo-places-2020-11-19.json,com.amazonaws.geoplaces#PlacesService,aws.protocols#restJson1
geo-routes-2020-11-19.json,com.amazonaws.georoutes#RoutesService,aws.protocols#restJson1
glacier-2012-06-01.json,com.amazonaws.glacier#Glacier,aws.protocols#restJson1
global-accelerator-2018-08-08.json,com.amazonaws.globalaccelerator#GlobalAccelerator_V20180706,aws.protocols#awsJson1_1
glue-2017-03-31.json,com.amazonaws.glue#AWSGlue,aws.protocols#awsJson1_1
grafana-2020-08-18.json,com.amazonaws.grafana#AWSGrafanaControlPlane,aws.protocols#restJson1
greengrass-2017-06-07.json,com.amazonaws.greengrass#Greengrass,aws.protocols#restJson1
greengrassv2-2020-11-30.json,com.amazonaws.greengrassv2#GreengrassV2,aws.protocols#restJson1
groundstation-2019-05-23.json,com.amazonaws.groundstation#GroundStation,aws.protocols#restJson1
guardduty-2017-11-28.json,com.amazonaws.guardduty#GuardDutyAPIService,aws.protocols#restJson1
health-2016-08-04.json,com.amazonaws.health#AWSHealth_20160804,aws.protocols#awsJson1_1
healthlake-2017-07-01.json,com.amazonaws.healthlake#HealthLake,aws.protocols#awsJson1_0
iam-2010-05-08.json,com.amazonaws.iam#AWSIdentityManagementV20100508,aws.protocols#awsQuery
identitystore-2020-06-15.json,com.amazonaws.identitystore#AWSIdentityStore,aws.protocols#awsJson1_1
imagebuilder-2019-12-02.json,com.amazonaws.imagebuilder#imagebuilder,aws.protocols#restJson1
inspector-2016-02-16.json,com.amazonaws.inspector#InspectorService,aws.protocols#awsJson1_1
inspector-scan-2023-08-08.json,com.amazonaws.inspectorscan#InspectorScan,aws.protocols#restJson1
inspector2-2020-06-08.json,com.amazonaws.inspector2#Inspector2,aws.protocols#restJson1
internetmonitor-2021-06-03.json,com.amazonaws.internetmonitor#InternetMonitor20210603,aws.protocols#restJson1
invoicing-2024-12-01.json,com.amazonaws.invoicing#Invoicing,aws.protocols#awsJson1_0
iot-2015-05-28.json,com.amazonaws.iot#AWSIotService,aws.protocols#restJson1
iot-data-plane-2015-05-28.json,com.amazonaws.iotdataplane#IotMoonrakerService,aws.protocols#restJson1
iot-events-2018-07-27.json,com.amazonaws.iotevents#IotColumboService,aws.protocols#restJson1
iot-events-data-2018-10-23.json,com.amazonaws.ioteventsdata#IotColumboDataService,aws.protocols#restJson1
iot-jobs-data-plane-2017-09-29.json,com.amazonaws.iotjobsdataplane#IotLaserThingJobManagerExternalService,aws.protocols#restJson1
iot-managed-integrations-2025-03-03.json,com.amazonaws.iotmanagedintegrations#IotManagedIntegrations,aws.protocols#restJson1
iot-wireless-2020-11-22.json,com.amazonaws.iotwireless#iotwireless,aws.protocols#restJson1
iotanalytics-2017-11-27.json,com.amazonaws.iotanalytics#AWSIoTAnalytics,aws.protocols#restJson1
iotdeviceadvisor-2020-09-18.json,com.amazonaws.iotdeviceadvisor#IotSenateService,aws.protocols#restJson1
iotfleetwise-2021-06-17.json,com.amazonaws.iotfleetwise#IoTAutobahnControlPlane,aws.protocols#awsJson1_0
iotsecuretunneling-2018-10-05.json,com.amazonaws.iotsecuretunneling#IoTSecuredTunneling,aws.protocols#awsJson1_1
iotsitewise-2019-12-02.json,com.amazonaws.iotsitewise#AWSIoTSiteWise,aws.protocols#restJson1
iotthingsgraph-2018-09-06.json,com.amazonaws.iotthingsgraph#IotThingsGraphFrontEndService,aws.protocols#awsJson1_1
iottwinmaker-2021-11-29.json,com.amazonaws.iottwinmaker#AWSIoTTwinMaker,aws.protocols#restJson1
ivs-2020-07-14.json,com.amazonaws.ivs#AmazonInteractiveVideoService,aws.protocols#restJson1
ivs-realtime-2020-07-14.json,com.amazonaws.ivsrealtime#AmazonInteractiveVideoServiceRealTime,aws.protocols#restJson1
ivschat-2020-07-14.json,com.amazonaws.ivschat#AmazonInteractiveVideoServiceChat,aws.protocols#restJson1
kafka-2018-11-14.json,com.amazonaws.kafka#Kafka,aws.protocols#restJson1
kafkaconnect-2021-09-14.json,com.amazonaws.kafkaconnect#KafkaConnect,aws.protocols#restJson1
kendra-2019-02-03.json,com.amazonaws.kendra#AWSKendraFrontendService,aws.protocols#awsJson1_1
kendra-ranking-2022-10-19.json,com.amazonaws.kendraranking#AWSKendraRerankingFrontendService,aws.protocols#awsJson1_0
keyspaces-2022-02-10.json,com.amazonaws.keyspaces#KeyspacesService,aws.protocols#awsJson1_0
keyspacesstreams-2024-09-09.json,com.amazonaws.keyspacesstreams#KeyspacesStreams,aws.protocols#awsJson1_0
kinesis-2013-12-02.json,com.amazonaws.kinesis#Kinesis_20131202,aws.protocols#awsJson1_1
kinesis-analytics-2015-08-14.json,com.amazonaws.kinesisanalytics#KinesisAnalytics_20150814,aws.protocols#awsJson1_1
kinesis-analytics-v2-2018-05-23.json,com.amazonaws.kinesisanalyticsv2#KinesisAnalytics_20180523,aws.protocols#awsJson1_1
kinesis-video-2017-09-30.json,com.amazonaws.kinesisvideo#KinesisVideo_20170930,aws.protocols#restJson1
kinesis-video-archived-media-2017-09-30.json,com.amazonaws.kinesisvideoarchivedmedia#AWSAcuityReader,aws.protocols#restJson1
kinesis-video-media-2017-09-30.json,com.amazonaws.kinesisvideomedia#AWSAcuityInletService,aws.protocols#restJson1
kinesis-video-signaling-2019-12-04.json,com.amazonaws.kinesisvideosignaling#AWSAcuitySignalingService,aws.protocols#restJson1
kinesis-video-webrtc-storage-2018-05-10.json,com.amazonaws.kinesisvideowebrtcstorage#AWSAcuityRoutingServiceLambda,aws.protocols#restJson1
kms-2014-11-01.json,com.amazonaws.kms#TrentService,aws.protocols#awsJson1_1
lakeformation-2017-03-31.json,com.amazonaws.lakeformation#AWSLakeFormation,aws.protocols#restJson1
lambda-2015-03-31.json,com.amazonaws.lambda#AWSGirApiService,aws.protocols#restJson1
launch-wizard-2018-05-10.json,com.amazonaws.launchwizard#LaunchWizard,aws.protocols#restJson1
lex-model-building-service-2017-04-19.json,com.amazonaws.lexmodelbuildingservice#AWSDeepSenseModelBuildingService,aws.protocols#restJson1
lex-models-v2-2020-08-07.json,com.amazonaws.lexmodelsv2#LexModelBuildingServiceV2,aws.protocols#restJson1
lex-runtime-service-2016-11-28.json,com.amazonaws.lexruntimeservice#AWSDeepSenseRunTimeService,aws.protocols#restJson1
lex-runtime-v2-2020-08-07.json,com.amazonaws.lexruntimev2#AWSDeepSenseRunTimeServiceApi2_0,aws.protocols#restJson1
license-manager-2018-08-01.json,com.amazonaws.licensemanager#AWSLicenseManager,aws.protocols#awsJson1_1
license-manager-linux-subscriptions-2018-05-10.json,com.amazonaws.licensemanagerlinuxsubscriptions#LicenseManagerLinuxSubscriptions,aws.protocols#restJson1
license-manager-user-subscriptions-2018-05-10.json,com.amazonaws.licensemanagerusersubscriptions#LicenseManagerUserSubscriptions,aws.protocols#restJson1
lightsail-2016-11-28.json,com.amazonaws.lightsail#Lightsail_20161128,aws.protocols#awsJson1_1
location-2020-11-19.json,com.amazonaws.location#LocationService,aws.protocols#restJson1
lookoutequipment-2020-12-15.json,com.amazonaws.lookoutequipment#AWSLookoutEquipmentFrontendService,aws.protocols#awsJson1_0
m2-2021-04-28.json,com.amazonaws.m2#AwsSupernovaControlPlaneService,aws.protocols#restJson1
machine-learning-2014-12-12.json,com.amazonaws.machinelearning#AmazonML_20141212,aws.protocols#awsJson1_1
macie2-2020-01-01.json,com.amazonaws.macie2#Macie2,aws.protocols#restJson1
mailmanager-2023-10-17.json,com.amazonaws.mailmanager#MailManagerSvc,aws.protocols#awsJson1_0
managedblockchain-2018-09-24.json,com.amazonaws.managedblockchain#TaigaWebService,aws.protocols#restJson1
managedblockchain-query-2023-05-04.json,com.amazonaws.managedblockchainquery#TietonChainQueryService,aws.protocols#restJson1
marketplace-agreement-2020-03-01.json,com.amazonaws.marketplaceagreement#AWSMPCommerceService_v20200301,aws.protocols#awsJson1_0
marketplace-catalog-2018-09-17.json,com.amazonaws.marketplacecatalog#AWSMPSeymour,aws.protocols#restJson1
marketplace-commerce-analytics-2015-07-01.json,com.amazonaws.marketplacecommerceanalytics#MarketplaceCommerceAnalytics20150701,aws.protocols#awsJson1_1
marketplace-deployment-2023-01-25.json,com.amazonaws.marketplacedeployment#AWSMPDeploymentParametersService,aws.protocols#restJson1
marketplace-entitlement-service-2017-01-11.json,com.amazonaws.marketplaceentitlementservice#AWSMPEntitlementService,aws.protocols#awsJson1_1
marketplace-metering-2016-01-14.json,com.amazonaws.marketplacemetering#AWSMPMeteringService,aws.protocols#awsJson1_1
marketplace-reporting-2018-05-10.json,com.amazonaws.marketplacereporting#AWSMarketplaceReporting,aws.protocols#restJson1
mediaconnect-2018-11-14.json,com.amazonaws.mediaconnect#MediaConnect,aws.protocols#restJson1
mediaconvert-2017-08-29.json,com.amazonaws.mediaconvert#MediaConvert,aws.protocols#restJson1
medialive-2017-10-14.json,com.amazonaws.medialive#MediaLive,aws.protocols#restJson1
mediapackage-2017-10-12.json,com.amazonaws.mediapackage#MediaPackage,aws.protocols#restJson1
mediapackage-vod-2018-11-07.json,com.amazonaws.mediapackagevod#MediaPackageVod,aws.protocols#restJson1
mediapackagev2-2022-12-25.json,com.amazonaws.mediapackagev2#mediapackagev2,aws.protocols#restJson1
mediastore-2017-09-01.json,com.amazonaws.mediastore#MediaStore_20170901,aws.protocols#awsJson1_1
mediastore-data-2017-09-01.json,com.amazonaws.mediastoredata#MediaStoreObject_20170901,aws.protocols#restJson1
mediatailor-2018-04-23.json,com.amazonaws.mediatailor#MediaTailor,aws.protocols#restJson1
medical-imaging-2023-07-19.json,com.amazonaws.medicalimaging#AHIGatewayService,aws.protocols#restJson1
memorydb-2021-01-01.json,com.amazonaws.memorydb#AmazonMemoryDB,aws.protocols#awsJson1_1
mgn-2020-02-26.json,com.amazonaws.mgn#ApplicationMigrationService,aws.protocols#restJson1
migration-hub-2017-05-31.json,com.amazonaws.migrationhub#AWSMigrationHub,aws.protocols#awsJson1_1
migration-hub-refactor-spaces-2021-10-26.json,com.amazonaws.migrationhubrefactorspaces#RefactorSpaces,aws.protocols#restJson1
migrationhub-config-2019-06-30.json,com.amazonaws.migrationhubconfig#AWSMigrationHubMultiAccountService,aws.protocols#awsJson1_1
migrationhuborchestrator-2021-08-28.json,com.amazonaws.migrationhuborchestrator#AWSMigrationHubOrchestrator,aws.protocols#restJson1
migrationhubstrategy-2020-02-19.json,com.amazonaws.migrationhubstrategy#AWSMigrationHubStrategyRecommendation,aws.protocols#restJson1
mpa-2022-07-26.json,com.amazonaws.mpa#AWSFluffyCoreService,aws.protocols#restJson1
mq-2017-11-27.json,com.amazonaws.mq#mq,aws.protocols#restJson1
mturk-2017-01-17.json,com.amazonaws.mturk#MTurkRequesterServiceV20170117,aws.protocols#awsJson1_1
mwaa-2020-07-01.json,com.amazonaws.mwaa#AmazonMWAA,aws.protocols#restJson1
mwaa-serverless-2024-07-26.json,com.amazonaws.mwaaserverless#AmazonMWAAServerless,aws.protocols#awsJson1_0
neptune-2014-10-31.json,com.amazonaws.neptune#AmazonRDSv19,aws.protocols#awsQuery
neptune-graph-2023-11-29.json,com.amazonaws.neptunegraph#AmazonNeptuneGraph,aws.protocols#restJson1
neptunedata-2023-08-01.json,com.amazonaws.neptunedata#AmazonNeptuneDataplane,aws.protocols#restJson1
network-firewall-2020-11-12.json,com.amazonaws.networkfirewall#NetworkFirewall_20201112,aws.protocols#awsJson1_0
networkflowmonitor-2023-04-19.json,com.amazonaws.networkflowmonitor#NetworkFlowMonitor,aws.protocols#restJson1
networkmanager-2019-07-05.json,com.amazonaws.networkmanager#NetworkManager,aws.protocols#restJson1
networkmonitor-2023-08-01.json,com.amazonaws.networkmonitor#NetworkMonitor,aws.protocols#restJson1
notifications-2018-05-10.json,com.amazonaws.notifications#Notifications,aws.protocols#restJson1
notificationscontacts-2018-05-10.json,com.amazonaws.notificationscontacts#NotificationsContacts,aws.protocols#restJson1
nova-act-2025-08-22.json,com.amazonaws.novaact#AmazonNovaAgentsDataPlane,aws.protocols#restJson1
oam-2022-06-10.json,com.amazonaws.oam#oamservice,aws.protocols#restJson1
observabilityadmin-2018-05-10.json,com.amazonaws.observabilityadmin#ObservabilityAdmin,aws.protocols#restJson1
odb-2024-08-20.json,com.amazonaws.odb#Odb,aws.protocols#awsJson1_0
omics-2022-11-28.json,com.amazonaws.omics#Omics,aws.protocols#restJson1
opensearch-2021-01-01.json,com.amazonaws.opensearch#AmazonOpenSearchService,aws.protocols#restJson1
opensearchserverless-2021-11-01.json,com.amazonaws.opensearchserverless#OpenSearchServerless,aws.protocols#awsJson1_0
organizations-2016-11-28.json,com.amazonaws.organizations#AWSOrganizationsV20161128,aws.protocols#awsJson1_1
osis-2022-01-01.json,com.amazonaws.osis#AmazonOpenSearchIngestionService,aws.protocols#restJson1
outposts-2019-12-03.json,com.amazonaws.outposts#OutpostsOlafService,aws.protocols#restJson1
panorama-2019-07-24.json,com.amazonaws.panorama#OmniCloudServiceLambda,aws.protocols#restJson1
partnercentral-account-2025-04-04.json,com.amazonaws.partnercentralaccount#PartnerCentralAccount,aws.protocols#awsJson1_0
partnercentral-benefits-2018-05-10.json,com.amazonaws.partnercentralbenefits#PartnerCentralBenefitsService,aws.protocols#awsJson1_0
partnercentral-channel-2024-03-18.json,com.amazonaws.partnercentralchannel#PartnerCentralChannel,aws.protocols#awsJson1_0
partnercentral-selling-2022-07-26.json,com.amazonaws.partnercentralselling#AWSPartnerCentralSelling,aws.protocols#awsJson1_0
payment-cryptography-2021-09-14.json,com.amazonaws.paymentcryptography#PaymentCryptographyControlPlane,aws.protocols#awsJson1_0
payment-cryptography-data-2022-02-03.json,com.amazonaws.paymentcryptographydata#PaymentCryptographyDataPlane,aws.protocols#restJson1
pca-connector-ad-2018-05-10.json,com.amazonaws.pcaconnectorad#PcaConnectorAd,aws.protocols#restJson1
pca-connector-scep-2018-05-10.json,com.amazonaws.pcaconnectorscep#PcaConnectorScep,aws.protocols#restJson1
pcs-2023-02-10.json,com.amazonaws.pcs#AWSParallelComputingService,aws.protocols#awsJson1_0
personalize-2018-05-22.json,com.amazonaws.personalize#AmazonPersonalize,aws.protocols#awsJson1_1
personalize-events-2018-03-22.json,com.amazonaws.personalizeevents#AmazonPersonalizeEvents,aws.protocols#restJson1
personalize-runtime-2018-05-22.json,com.amazonaws.personalizeruntime#AmazonPersonalizeRuntime,aws.protocols#restJson1
pi-2018-02-27.json,com.amazonaws.pi#PerformanceInsightsv20180227,aws.protocols#awsJson1_1
pinpoint-2016-12-01.json,com.amazonaws.pinpoint#Pinpoint,aws.protocols#restJson1
pinpoint-email-2018-07-26.json,com.amazonaws.pinpointemail#AmazonPinpointEmailService,aws.protocols#restJson1
pinpoint-sms-voice-2018-09-05.json,com.amazonaws.pinpointsmsvoice#PinpointSMSVoice,aws.protocols#restJson1
pinpoint-sms-voice-v2-2022-03-31.json,com.amazonaws.pinpointsmsvoicev2#PinpointSMSVoiceV2,aws.protocols#awsJson1_0
pipes-2015-10-07.json,com.amazonaws.pipes#Pipes,aws.protocols#restJson1
polly-2016-06-10.json,com.amazonaws.polly#Parrot_v1,aws.protocols#restJson1
pricing-2017-10-15.json,com.amazonaws.pricing#AWSPriceListService,aws.protocols#awsJson1_1
proton-2020-07-20.json,com.amazonaws.proton#AwsProton20200720,aws.protocols#awsJson1_0
qapps-2023-11-27.json,com.amazonaws.qapps#QAppsService,aws.protocols#restJson1
qbusiness-2023-11-27.json,com.amazonaws.qbusiness#ExpertQ,aws.protocols#restJson1
qconnect-2020-10-19.json,com.amazonaws.qconnect#WisdomService,aws.protocols#restJson1
quicksight-2018-04-01.json,com.amazonaws.quicksight#QuickSight_20180401,aws.protocols#restJson1
ram-2018-01-04.json,com.amazonaws.ram#AmazonResourceSharing,aws.protocols#restJson1
rbin-2021-06-15.json,com.amazonaws.rbin#AmazonRecycleBin,aws.protocols#restJson1
rds-2014-10-31.json,com.amazonaws.rds#AmazonRDSv19,aws.protocols#awsQuery
rds-data-2018-08-01.json,com.amazonaws.rdsdata#RdsDataService,aws.protocols#restJson1
redshift-2012-12-01.json,com.amazonaws.redshift#RedshiftServiceVersion20121201,aws.protocols#awsQuery
redshift-data-2019-12-20.json,com.amazonaws.redshiftdata#RedshiftData,aws.protocols#awsJson1_1
redshift-serverless-2021-04-21.json,com.amazonaws.redshiftserverless#RedshiftServerless,aws.protocols#awsJson1_1
rekognition-2016-06-27.json,com.amazonaws.rekognition#RekognitionService,aws.protocols#awsJson1_1
repostspace-2022-05-13.json,com.amazonaws.repostspace#RepostSpace,aws.protocols#restJson1
resiliencehub-2020-04-30.json,com.amazonaws.resiliencehub#AwsResilienceHub,aws.protocols#restJson1
resource-explorer-2-2022-07-28.json,com.amazonaws.resourceexplorer2#ResourceExplorer,aws.protocols#restJson1
resource-groups-2017-11-27.json,com.amazonaws.resourcegroups#Ardi,aws.protocols#restJson1
resource-groups-tagging-api-2017-01-26.json,com.amazonaws.resourcegroupstaggingapi#ResourceGroupsTaggingAPI_20170126,aws.protocols#awsJson1_1
rolesanywhere-2018-05-10.json,com.amazonaws.rolesanywhere#RolesAnywhere,aws.protocols#restJson1
route-53-2013-04-01.json,com.amazonaws.route53#AWSDnsV20130401,aws.protocols#restXml
route-53-domains-2014-05-15.json,com.amazonaws.route53domains#Route53Domains_v20140515,aws.protocols#awsJson1_1
route53-recovery-cluster-2019-12-02.json,com.amazonaws.route53recoverycluster#ToggleCustomerAPI,aws.protocols#awsJson1_0
route53-recovery-control-config-2020-11-02.json,com.amazonaws.route53recoverycontrolconfig#Route53RecoveryControlConfig,aws.protocols#restJson1
route53-recovery-readiness-2019-12-02.json,com.amazonaws.route53recoveryreadiness#Route53RecoveryReadiness,aws.protocols#restJson1
route53globalresolver-2022-09-27.json,com.amazonaws.route53globalresolver#EC2DNSGlobalResolverCustomerAPI,aws.protocols#restJson1
route53profiles-2018-05-10.json,com.amazonaws.route53profiles#Route53Profiles,aws.protocols#restJson1
route53resolver-2018-04-01.json,com.amazonaws.route53resolver#Route53Resolver,aws.protocols#awsJson1_1
rtbfabric-2023-05-15.json,com.amazonaws.rtbfabric#RTBFabric,aws.protocols#restJson1
rum-2018-05-10.json,com.amazonaws.rum#RUM,aws.protocols#restJson1
s3-2006-03-01.json,com.amazonaws.s3#AmazonS3,aws.protocols#restXml
s3-control-2018-08-20.json,com.amazonaws.s3control#AWSS3ControlServiceV20180820,aws.protocols#restXml
s3outposts-2017-07-25.json,com.amazonaws.s3outposts#S3Outposts,aws.protocols#restJson1
s3tables-2018-05-10.json,com.amazonaws.s3tables#S3TableBuckets,aws.protocols#restJson1
s3vectors-2025-07-15.json,com.amazonaws.s3vectors#S3Vectors,aws.protocols#restJson1
sagemaker-2017-07-24.json,com.amazonaws.sagemaker#SageMaker,aws.protocols#awsJson1_1
sagemaker-a2i-runtime-2019-11-07.json,com.amazonaws.sagemakera2iruntime#AmazonSageMakerA2IRuntime,aws.protocols#restJson1
sagemaker-edge-2020-09-23.json,com.amazonaws.sagemakeredge#AmazonSageMakerEdge,aws.protocols#restJson1
sagemaker-featurestore-runtime-2020-07-01.json,com.amazonaws.sagemakerfeaturestoreruntime#AmazonSageMakerFeatureStoreRuntime,aws.protocols#restJson1
sagemaker-geospatial-2020-05-27.json,com.amazonaws.sagemakergeospatial#SageMakerGeospatial,aws.protocols#restJson1
sagemaker-metrics-2022-09-30.json,com.amazonaws.sagemakermetrics#SageMakerMetricsService,aws.protocols#restJson1
sagemaker-runtime-2017-05-13.json,com.amazonaws.sagemakerruntime#AmazonSageMakerRuntime,aws.protocols#restJson1
sagemaker-runtime-http2-2025-10-01.json,com.amazonaws.sagemakerruntimehttp2#AmazonSageMakerRuntimeHttp2,aws.protocols#restJson1
savingsplans-2019-06-28.json,com.amazonaws.savingsplans#AWSSavingsPlan,aws.protocols#restJson1
scheduler-2021-06-30.json,com.amazonaws.scheduler#AWSChronosService,aws.protocols#restJson1
schemas-2019-12-02.json,com.amazonaws.schemas#schemas,aws.protocols#restJson1
secrets-manager-2017-10-17.json,com.amazonaws.secretsmanager#secretsmanager,aws.protocols#awsJson1_1
security-ir-2018-05-10.json,com.amazonaws.securityir#SecurityIncidentResponse,aws.protocols#restJson1
securityhub-2018-10-26.json,com.amazonaws.securityhub#SecurityHubAPIService,aws.protocols#restJson1
securitylake-2018-05-10.json,com.amazonaws.securitylake#SecurityLake,aws.protocols#restJson1
serverlessapplicationrepository-2017-09-08.json,com.amazonaws.serverlessapplicationrepository#ServerlessApplicationRepository,aws.protocols#restJson1
service-catalog-2015-12-10.json,com.amazonaws.servicecatalog#AWS242ServiceCatalogService,aws.protocols#awsJson1_1
service-catalog-appregistry-2020-06-24.json,com.amazonaws.servicecatalogappregistry#AWS242AppRegistry,aws.protocols#restJson1
service-quotas-2019-06-24.json,com.amazonaws.servicequotas#ServiceQuotasV20190624,aws.protocols#awsJson1_1
servicediscovery-2017-03-14.json,com.amazonaws.servicediscovery#Route53AutoNaming_v20170314,aws.protocols#awsJson1_1
ses-2010-12-01.json,com.amazonaws.ses#SimpleEmailService,aws.protocols#awsQuery
sesv2-2019-09-27.json,com.amazonaws.sesv2#SimpleEmailService_v2,aws.protocols#restJson1
sfn-2016-11-23.json,com.amazonaws.sfn#AWSStepFunctions,aws.protocols#awsJson1_0
shield-2016-06-02.json,com.amazonaws.shield#AWSShield_20160616,aws.protocols#awsJson1_1
signer-2017-08-25.json,com.amazonaws.signer#WallabyService,aws.protocols#restJson1
signin-2023-01-01.json,com.amazonaws.signin#Signin,aws.protocols#restJson1
simspaceweaver-2022-10-28.json,com.amazonaws.simspaceweaver#SimSpaceWeaver,aws.protocols#restJson1
snow-device-management-2021-08-04.json,com.amazonaws.snowdevicemanagement#SnowDeviceManagement,aws.protocols#restJson1
snowball-2016-06-30.json,com.amazonaws.snowball#AWSIESnowballJobManagementService,aws.protocols#awsJson1_1
sns-2010-03-31.json,com.amazonaws.sns#AmazonSimpleNotificationService,aws.protocols#awsQuery
socialmessaging-2024-01-01.json,com.amazonaws.socialmessaging#SocialMessaging,aws.protocols#restJson1
sqs-2012-11-05.json,com.amazonaws.sqs#AmazonSQS,aws.protocols#awsJson1_0
ssm-2014-11-06.json,com.amazonaws.ssm#AmazonSSM,aws.protocols#awsJson1_1
ssm-contacts-2021-05-03.json,com.amazonaws.ssmcontacts#SSMContacts,aws.protocols#awsJson1_1
ssm-guiconnect-2021-05-01.json,com.amazonaws.ssmguiconnect#SSMGuiConnect,aws.protocols#restJson1
ssm-incidents-2018-05-10.json,com.amazonaws.ssmincidents#SSMIncidents,aws.protocols#restJson1
ssm-quicksetup-2018-05-10.json,com.amazonaws.ssmquicksetup#QuickSetup,aws.protocols#restJson1
ssm-sap-2018-05-10.json,com.amazonaws.ssmsap#SsmSap,aws.protocols#restJson1
sso-2019-06-10.json,com.amazonaws.sso#SWBPortalService,aws.protocols#restJson1
sso-admin-2020-07-20.json,com.amazonaws.ssoadmin#SWBExternalService,aws.protocols#awsJson1_1
sso-oidc-2019-06-10.json,com.amazonaws.ssooidc#AWSSSOOIDCService,aws.protocols#restJson1
storage-gateway-2013-06-30.json,com.amazonaws.storagegateway#StorageGateway_20130630,aws.protocols#awsJson1_1
sts-2011-06-15.json,com.amazonaws.sts#AWSSecurityTokenServiceV20110615,aws.protocols#awsQuery
supplychain-2024-01-01.json,com.amazonaws.supplychain#GalaxyPublicAPIGateway,aws.protocols#restJson1
support-2013-04-15.json,com.amazonaws.support#AWSSupport_20130415,aws.protocols#awsJson1_1
support-app-2021-08-20.json,com.amazonaws.supportapp#SupportApp,aws.protocols#restJson1
swf-2012-01-25.json,com.amazonaws.swf#SimpleWorkflowService,aws.protocols#awsJson1_0
synthetics-2017-10-11.json,com.amazonaws.synthetics#Synthetics,aws.protocols#restJson1
taxsettings-2018-05-10.json,com.amazonaws.taxsettings#TaxSettings,aws.protocols#restJson1
textract-2018-06-27.json,com.amazonaws.textract#Textract,aws.protocols#awsJson1_1
timestream-influxdb-2023-01-27.json,com.amazonaws.timestreaminfluxdb#AmazonTimestreamInfluxDB,aws.protocols#awsJson1_0
timestream-query-2018-11-01.json,com.amazonaws.timestreamquery#Timestream_20181101,aws.protocols#awsJson1_0
timestream-write-2018-11-01.json,com.amazonaws.timestreamwrite#Timestream_20181101,aws.protocols#awsJson1_0
tnb-2008-10-21.json,com.amazonaws.tnb#TNB,aws.protocols#restJson1
transcribe-2017-10-26.json,com.amazonaws.transcribe#Transcribe,aws.protocols#awsJson1_1
transcribe-streaming-2017-10-26.json,com.amazonaws.transcribestreaming#Transcribe,aws.protocols#restJson1
transfer-2018-11-05.json,com.amazonaws.transfer#TransferService,aws.protocols#awsJson1_1
translate-2017-07-01.json,com.amazonaws.translate#AWSShineFrontendService_20170701,aws.protocols#awsJson1_1
trustedadvisor-2022-09-15.json,com.amazonaws.trustedadvisor#TrustedAdvisor,aws.protocols#restJson1
verifiedpermissions-2021-12-01.json,com.amazonaws.verifiedpermissions#VerifiedPermissions,aws.protocols#awsJson1_0
voice-id-2021-09-27.json,com.amazonaws.voiceid#VoiceID,aws.protocols#awsJson1_0
vpc-lattice-2022-11-30.json,com.amazonaws.vpclattice#MercuryControlPlane,aws.protocols#restJson1
waf-2015-08-24.json,com.amazonaws.waf#AWSWAF_20150824,aws.protocols#awsJson1_1
waf-regional-2016-11-28.json,com.amazonaws.wafregional#AWSWAF_Regional_20161128,aws.protocols#awsJson1_1
wafv2-2019-07-29.json,com.amazonaws.wafv2#AWSWAF_20190729,aws.protocols#awsJson1_1
wellarchitected-2020-03-31.json,com.amazonaws.wellarchitected#WellArchitectedApiServiceLambda,aws.protocols#restJson1
wisdom-2020-10-19.json,com.amazonaws.wisdom#WisdomService,aws.protocols#restJson1
workdocs-2016-05-01.json,com.amazonaws.workdocs#AWSGorillaBoyService,aws.protocols#restJson1
workmail-2017-10-01.json,com.amazonaws.workmail#WorkMailService,aws.protocols#awsJson1_1
workmailmessageflow-2019-05-01.json,com.amazonaws.workmailmessageflow#GiraffeMessageInTransitService,aws.protocols#restJson1
workspaces-2015-04-08.json,com.amazonaws.workspaces#WorkspacesService,aws.protocols#awsJson1_1
workspaces-instances-2022-07-26.json,com.amazonaws.workspacesinstances#EUCMIFrontendAPIService,aws.protocols#awsJson1_0
workspaces-thin-client-2023-08-22.json,com.amazonaws.workspacesthinclient#ThinClient,aws.protocols#restJson1
workspaces-web-2020-07-08.json,com.amazonaws.workspacesweb#AWSErmineControlPlaneService,aws.protocols#restJson1
xray-2016-04-12.json,com.amazonaws.xray#AWSXRay,aws.protocols#restJson1
